category,path_or_type,role,status
registry,/Game/SS/Blueprints/DragonAdventureIFData.DragonAdventureIFData,PtrRecords selectable campaign map,verified
selection_scene,/Game/SS/Scene/DragonAdventureIF/CharacterSelect/MS_menuDAIF_CS,Episode Battle character-selection scene,verified reference
selection_ui,/Game/SS/UI/AdventureIF/WBP_GRP_AI_CharacterSelect,Six reusable character panels and navigation logic,verified path and reflection; 13th capacity untested
selection_ui,/Game/SS/UI/AdventureIF/WBP_GRP_AI_CharacterSelect_3piece,Alternate/referenced selector UI class,verified reference; role detail unresolved
character,/Game/SS/MasterDataAsset/DragonAdventureIF/0000_00/DAIF_CharaData_0000_00,Goku route presentation and start pointers,verified
event,/Game/SS/MasterDataAsset/DragonAdventureIF/0000_00/EventData/DIF_Event_0000_00,Goku event records and transitions,verified
chart,/Game/SS/MasterDataAsset/DragonAdventureIF/0000_00/ChartData0000_00,Goku chart/event-block registry,verified
event_block,/Game/SS/MasterDataAsset/DragonAdventureIF/0000_00/ChartData/EventBlock/EventBlock_0000_40_0000_00,Goku opening chart block,verified
event_block,/Game/SS/MasterDataAsset/DragonAdventureIF/0000_00/ChartData/EventBlock/EventBlock_0000_40_0000_01,Goku opening adjacent/next chart block,verified
chart_ui,/Game/SS/Blueprints/DragonAdventureIF/BP_DragonAdventureIFChartSelecterByPad,Pad-driven chart selection,verified path
save,FSSDragonAdventureIFSaveData,Top-level character and playability maps,verified reflection; new-key initialization untested
save,FSSDragonAdventureIFCharacterSaveData,Per-route event block/event state,verified reflection; new-key initialization untested
save,FSSDragonAdventureIFEventSaveData,Per-event result and clear state,verified reflection
character,/Game/SS/MasterDataAsset/DragonAdventureIF/CompleteStory/DAIF_CharaData_CompleteStory,Separate Complete Story identity plus Goku start references,built and verified offline; runtime untested
tool,tools/UAssetGUI-v1.1.0/UAssetGUI.exe,Official portable UAssetAPI editor,verified version/hash; cannot read retained raw Zen blob directly
tool,tools/retoc-v0.1.5/portable/retoc.exe,Official IoStore converter and verifier,verified release checksum and unencrypted container test
source,pakchunk0-Windows.utoc,Source package-store metadata and cooked assets,targeted authorized read-only conversion succeeded
package,dist/CompleteStory-v0.3/CompleteStory_P.utoc,Three-package UE5.1 IoStore overlay,retoc verify passed
package,dist/CompleteStory-v0.3-Unverum.zip,Installable archive containing pak utoc ucas and instructions,archive integrity verified
